{"cameraMode":{"drawMode":0,"name":"Shaded","section":"Shading Mode"},"sceneLighting":false,"audioPlay":false,"sceneViewState":{"m_AlwaysRefresh":false,"showFog":true,"showSkybox":true,"showFlares":true,"showImageEffects":true,"showParticleSystems":true,"showVisualEffectGraphs":true,"m_FxEnabled":true},"in2DMode":false,"pivot":{"x":36.72313690185547,"y":55.76735305786133,"z":10.256166458129883},"rotation":{"x":-0.07540135085582733,"y":0.2500264346599579,"z":0.019936442375183107,"w":0.9650051593780518},"size":2.2405409812927248,"orthographic":false}