{"cameraMode":{"drawMode":0,"name":"Shaded","section":"Shading Mode"},"sceneLighting":false,"audioPlay":false,"sceneViewState":{"m_AlwaysRefresh":false,"showFog":true,"showSkybox":false,"showFlares":true,"showImageEffects":true,"showParticleSystems":true,"showVisualEffectGraphs":true,"m_FxEnabled":true},"in2DMode":false,"pivot":{"x":-0.6600000262260437,"y":4.395999908447266,"z":-12.0600004196167},"rotation":{"x":0.029179483652114869,"y":-0.949280321598053,"z":0.29831287264823916,"w":0.09478723257780075},"size":0.06478559225797653,"orthographic":false}